-- phpMyAdmin SQL Dump
-- version 4.2.12deb2
-- http://www.phpmyadmin.net
--
-- Servidor: localhost
-- Tiempo de generación: 29-08-2015 a las 08:32:06
-- Versión del servidor: 5.5.43-0+deb8u1
-- Versión de PHP: 5.6.7-1

SET SQL_MODE = "NO_AUTO_VALUE_ON_ZERO";
SET time_zone = "+00:00";


/*!40101 SET @OLD_CHARACTER_SET_CLIENT=@@CHARACTER_SET_CLIENT */;
/*!40101 SET @OLD_CHARACTER_SET_RESULTS=@@CHARACTER_SET_RESULTS */;
/*!40101 SET @OLD_COLLATION_CONNECTION=@@COLLATION_CONNECTION */;
/*!40101 SET NAMES utf8 */;

--
-- Base de datos: `JardinApp`
--

-- --------------------------------------------------------

--
-- Estructura de tabla para la tabla `Ciudad`
--

CREATE TABLE IF NOT EXISTS `Ciudad` (
  `id_ciudad` int(11) NOT NULL,
  `nombre_ciudad` varchar(30) NOT NULL,
  `id_departamento` int(11) NOT NULL
) ENGINE=InnoDB DEFAULT CHARSET=utf8;

--
-- Volcado de datos para la tabla `Ciudad`
--

INSERT INTO `Ciudad` (`id_ciudad`, `nombre_ciudad`, `id_departamento`) VALUES
(1, 'MEDELLÍN', 5),
(1, 'BARRANQUILLA', 8),
(1, 'BOGOTÁ, D.C.', 11),
(1, 'CARTAGENA', 13),
(1, 'TUNJA', 15),
(1, 'MANIZALES', 17),
(1, 'FLORENCIA', 18),
(1, 'POPAYÁN', 19),
(1, 'VALLEDUPAR', 20),
(1, 'MONTERÍA', 23),
(1, 'AGUA DE DIOS', 25),
(1, 'QUIBDÓ', 27),
(1, 'NEIVA', 41),
(1, 'RIOHACHA', 44),
(1, 'SANTA MARTA', 47),
(1, 'VILLAVICENCIO', 50),
(1, 'PASTO', 52),
(1, 'CÚCUTA', 54),
(1, 'ARMENIA', 63),
(1, 'PEREIRA', 66),
(1, 'BUCARAMANGA', 68),
(1, 'SINCELEJO', 70),
(1, 'IBAGUÉ', 73),
(1, 'CALI', 76),
(1, 'ARAUCA', 81),
(1, 'YOPAL', 85),
(1, 'MOCOA', 86),
(1, 'SAN ANDRÉS', 88),
(1, 'LETICIA', 91),
(1, 'INÍRIDA', 94),
(1, 'SAN JOSÉ DEL GUAVIARE', 95),
(1, 'MITÚ', 97),
(1, 'PUERTO CARREÑO', 99),
(2, 'ABEJORRAL', 5),
(3, 'ABREGO', 54),
(4, 'ABRIAQUÍ', 5),
(6, 'ACHÍ', 13),
(6, 'ACANDÍ', 27),
(6, 'ACEVEDO', 41),
(6, 'ACACÍAS', 50),
(10, 'AGUAZUL', 85),
(11, 'AGUACHICA', 20),
(13, 'AGUADAS', 17),
(13, 'AGUSTÍN CODAZZI', 20),
(13, 'AGRADO', 41),
(13, 'AGUADA', 68),
(15, 'CHAMEZA', 85),
(15, 'CALAMAR', 95),
(16, 'AIPE', 41),
(19, 'ALBÁN', 25),
(19, 'ALBÁN', 52),
(20, 'ALGECIRAS', 41),
(20, 'ALBANIA', 68),
(20, 'ALCALÁ', 76),
(21, 'ALEJANDRÍA', 5),
(22, 'ALMEIDA', 15),
(22, 'ALMAGUER', 19),
(22, 'ALDANA', 52),
(24, 'ALPUJARRA', 73),
(25, 'ALTO BAUDÓ', 27),
(25, 'EL RETORNO', 95),
(26, 'ALTAMIRA', 41),
(26, 'ALVARADO', 73),
(29, 'ALBANIA', 18),
(30, 'AMAGÁ', 5),
(30, 'ALTOS DEL ROSARIO', 13),
(30, 'ALGARROBO', 47),
(30, 'AMBALEMA', 73),
(31, 'AMALFI', 5),
(32, 'ASTREA', 20),
(34, 'ANDES', 5),
(35, 'ANAPOIMA', 25),
(35, 'ALBANIA', 44),
(36, 'ANGELÓPOLIS', 5),
(36, 'ANCUYÁ', 52),
(36, 'ANDALUCÍA', 76),
(38, 'ANGOSTURA', 5),
(40, 'ANORÍ', 5),
(40, 'ANOLAIMA', 25),
(41, 'ANSERMANUEVO', 76),
(42, 'SANTAFÉ DE ANTIOQUIA', 5),
(42, 'ARENAL', 13),
(42, 'ANSERMA', 17),
(43, 'ANZOÁTEGUI', 73),
(44, 'ANZA', 5),
(45, 'APARTADÓ', 5),
(45, 'BECERRIL', 20),
(45, 'APÍA', 66),
(47, 'AQUITANIA', 15),
(50, 'ARANZAZU', 17),
(50, 'ARGELIA', 19),
(50, 'ATRATO', 27),
(51, 'ARBOLETES', 5),
(51, 'ARCABUCO', 15),
(51, 'ARBOLEDA', 52),
(51, 'ARBOLEDAS', 54),
(51, 'ARATOCA', 68),
(52, 'ARJONA', 13),
(53, 'ARBELÁEZ', 25),
(53, 'ARACATACA', 47),
(54, 'ARGELIA', 76),
(55, 'ARGELIA', 5),
(55, 'ARMERO', 73),
(58, 'ARIGUANÍ', 47),
(59, 'ARMENIA', 5),
(60, 'BOSCONIA', 20),
(62, 'ARROYOHONDO', 13),
(65, 'ARAUQUITA', 81),
(67, 'ATACO', 73),
(68, 'AYAPEL', 23),
(73, 'BAGADÓ', 27),
(74, 'BARRANCO DE LOBA', 13),
(75, 'BALBOA', 19),
(75, 'BAHÍA SOLANO', 27),
(75, 'BALBOA', 66),
(77, 'BAJO BAUDÓ', 27),
(77, 'BARBOSA', 68),
(78, 'BARANOA', 8),
(78, 'BARAYA', 41),
(78, 'BARRANCAS', 44),
(79, 'BARBOSA', 5),
(79, 'BUENAVISTA', 23),
(79, 'BARBACOAS', 52),
(79, 'BARICHARA', 68),
(81, 'BARRANCABERMEJA', 68),
(83, 'BELÉN', 52),
(86, 'BELMIRA', 5),
(86, 'BELTRÁN', 25),
(87, 'BELÉN', 15),
(88, 'BELLO', 5),
(88, 'BELALCÁZAR', 17),
(88, 'BELÉN DE UMBRÍA', 66),
(90, 'BERBEO', 15),
(90, 'CANALETE', 23),
(90, 'DIBULLA', 44),
(91, 'BETANIA', 5),
(92, 'BETÉITIVA', 15),
(92, 'BETULIA', 68),
(93, 'BETULIA', 5),
(94, 'BELÉN DE LOS ANDAQUÍES', 18),
(95, 'BITUIMA', 25),
(97, 'BOAVITA', 15),
(98, 'DISTRACCIÓN', 44),
(99, 'BOJACÁ', 25),
(99, 'BOJAYA', 27),
(99, 'BOCHALEMA', 54),
(100, 'BOLÍVAR', 19),
(100, 'BOLÍVAR', 76),
(101, 'CIUDAD BOLÍVAR', 5),
(101, 'BOLÍVAR', 68),
(104, 'BOYACÁ', 15),
(106, 'BRICEÑO', 15),
(107, 'BRICEÑO', 5),
(109, 'BUENAVISTA', 15),
(109, 'BUCARASICA', 54),
(109, 'BUENAVENTURA', 76),
(110, 'BUENOS AIRES', 19),
(110, 'EL MOLINO', 44),
(110, 'BARRANCA DE UPÍA', 50),
(110, 'BUESACO', 52),
(110, 'BUENAVISTA', 70),
(111, 'BUENAVISTA', 63),
(111, 'GUADALAJARA DE BUGA', 76),
(113, 'BURITICÁ', 5),
(113, 'BUGALAGRANDE', 76),
(114, 'BUSBANZÁ', 15),
(120, 'CÁCERES', 5),
(120, 'CABRERA', 25),
(121, 'CABRERA', 68),
(122, 'CAICEDONIA', 76),
(123, 'CACHIPAY', 25),
(124, 'CABUYARO', 50),
(124, 'CAIMITO', 70),
(124, 'CAJAMARCA', 73),
(125, 'CAICEDO', 5),
(125, 'CÁCOTA', 54),
(125, 'HATO COROZAL', 85),
(126, 'CAJICÁ', 25),
(126, 'CALIMA', 76),
(128, 'CACHIRÁ', 54),
(129, 'CALDAS', 5),
(130, 'CAJIBÍO', 19),
(130, 'CALARCA', 63),
(130, 'CANDELARIA', 76),
(131, 'CALDAS', 15),
(132, 'CAMPOALEGRE', 41),
(132, 'CALIFORNIA', 68),
(134, 'CAMPAMENTO', 5),
(135, 'CAMPOHERMOSO', 15),
(135, 'EL CANTÓN DEL SAN PABLO', 27),
(136, 'LA SALINA', 85),
(137, 'CAMPO DE LA CRUZ', 8),
(137, 'CALDONO', 19),
(138, 'CAÑASGORDAS', 5),
(139, 'MANÍ', 85),
(140, 'CALAMAR', 13),
(141, 'CANDELARIA', 8),
(142, 'CARACOLÍ', 5),
(142, 'CALOTO', 19),
(145, 'CARAMANTA', 5),
(147, 'CAREPA', 5),
(147, 'CAPITANEJO', 68),
(147, 'CARTAGO', 76),
(148, 'EL CARMEN DE VIBORAL', 5),
(148, 'CAPARRAPÍ', 25),
(148, 'CARMEN DE APICALÁ', 73),
(150, 'CAROLINA', 5),
(150, 'CARTAGENA DEL CHAIRÁ', 18),
(150, 'CARMEN DEL DARIÉN', 27),
(150, 'CASTILLA LA NUEVA', 50),
(151, 'CAQUEZA', 25),
(152, 'CARCASÍ', 68),
(152, 'CASABIANCA', 73),
(154, 'CAUCASIA', 5),
(154, 'CARMEN DE CARUPA', 25),
(160, 'CANTAGALLO', 13),
(160, 'CÉRTEGUI', 27),
(160, 'CEPITÁ', 68),
(161, 'CERRO SAN ANTONIO', 47),
(161, 'CARURU', 97),
(162, 'CERINZA', 15),
(162, 'CERETÉ', 23),
(162, 'CERRITO', 68),
(162, 'MONTERREY', 85),
(167, 'CHARALÁ', 68),
(168, 'CHIMÁ', 23),
(168, 'CHAGUANÍ', 25),
(168, 'CHAPARRAL', 73),
(169, 'CHARTA', 68),
(170, 'CHIVOLO', 47),
(170, 'DOSQUEBRADAS', 66),
(172, 'CHIGORODÓ', 5),
(172, 'CHINAVITA', 15),
(172, 'CHINÁCOTA', 54),
(174, 'CHINCHINÁ', 17),
(174, 'CHITAGÁ', 54),
(175, 'CHIMICHAGUA', 20),
(175, 'CHÍA', 25),
(176, 'CHIQUINQUIRÁ', 15),
(176, 'CHIMA', 68),
(178, 'CHIRIGUANÁ', 20),
(178, 'CHIPAQUE', 25),
(179, 'CHIPATÁ', 68),
(180, 'CHISCAS', 15),
(181, 'CHOACHÍ', 25),
(182, 'CHINÚ', 23),
(183, 'CHITA', 15),
(183, 'CHOCONTÁ', 25),
(185, 'CHITARAQUE', 15),
(187, 'CHIVATÁ', 15),
(188, 'CICUCO', 13),
(189, 'CIÉNEGA', 15),
(189, 'CIÉNAGA DE ORO', 23),
(189, 'CIÉNAGA', 47),
(190, 'CISNEROS', 5),
(190, 'CIRCASIA', 63),
(190, 'CIMITARRA', 68),
(197, 'COCORNÁ', 5),
(200, 'COGUA', 25),
(200, 'COELLO', 73),
(200, 'MIRAFLORES', 95),
(203, 'COLÓN', 52),
(204, 'CÓMBITA', 15),
(204, 'COLOSO', 70),
(205, 'CURILLO', 18),
(205, 'CONDOTO', 27),
(205, 'CONCORDIA', 47),
(206, 'CONCEPCIÓN', 5),
(206, 'COLOMBIA', 41),
(206, 'CONVENCIÓN', 54),
(207, 'CONSACA', 52),
(207, 'CONCEPCIÓN', 68),
(209, 'CONCORDIA', 5),
(209, 'CONFINES', 68),
(210, 'CONTADERO', 52),
(211, 'CONTRATACIÓN', 68),
(212, 'COPACABANA', 5),
(212, 'CÓRDOBA', 13),
(212, 'COPER', 15),
(212, 'CORINTO', 19),
(212, 'CÓRDOBA', 63),
(214, 'COTA', 25),
(215, 'CORRALES', 15),
(215, 'CÓRDOBA', 52),
(215, 'COROZAL', 70),
(217, 'COROMORO', 68),
(217, 'COYAIMA', 73),
(218, 'COVARACHÍA', 15),
(219, 'COLÓN', 86),
(220, 'CRAVO NORTE', 81),
(221, 'COVEÑAS', 70),
(222, 'CLEMENCIA', 13),
(223, 'CUBARÁ', 15),
(223, 'CUBARRAL', 50),
(223, 'CUCUTILLA', 54),
(224, 'CUCAITA', 15),
(224, 'CUCUNUBÁ', 25),
(224, 'CUASPUD', 52),
(225, 'NUNCHÍA', 85),
(226, 'CUÍTIVA', 15),
(226, 'CUMARAL', 50),
(226, 'CUNDAY', 73),
(227, 'CUMBAL', 52),
(228, 'CURUMANÍ', 20),
(229, 'CURITÍ', 68),
(230, 'CHALÁN', 70),
(230, 'OROCUÉ', 85),
(232, 'CHÍQUIZA', 15),
(233, 'CUMBITARA', 52),
(233, 'EL ROBLE', 70),
(233, 'DAGUA', 76),
(234, 'DABEIBA', 5),
(235, 'EL CARMEN DE CHUCURÍ', 68),
(235, 'GALERAS', 70),
(236, 'CHIVOR', 15),
(236, 'DOLORES', 73),
(237, 'DONMATÍAS', 5),
(238, 'DUITAMA', 15),
(238, 'EL COPEY', 20),
(239, 'DURANIA', 54),
(240, 'EBÉJICO', 5),
(240, 'CHACHAGÜÍ', 52),
(243, 'EL ÁGUILA', 76),
(244, 'EL CARMEN DE BOLÍVAR', 13),
(244, 'EL COCUY', 15),
(244, 'ELÍAS', 41),
(245, 'EL COLEGIO', 25),
(245, 'EL CARMEN DE ATRATO', 27),
(245, 'EL BANCO', 47),
(245, 'EL CALVARIO', 50),
(245, 'EL CARMEN', 54),
(245, 'EL GUACAMAYO', 68),
(246, 'EL CAIRO', 76),
(247, 'EL DONCELLO', 18),
(248, 'EL GUAMO', 13),
(248, 'EL ESPINO', 15),
(248, 'EL CERRITO', 76),
(250, 'EL BAGRE', 5),
(250, 'EL PASO', 20),
(250, 'EL LITORAL DEL SAN JUAN', 27),
(250, 'EL CHARCO', 52),
(250, 'EL TARRA', 54),
(250, 'EL PEÑÓN', 68),
(250, 'EL DOVIO', 76),
(250, 'PAZ DE ARIPORO', 85),
(251, 'EL CASTILLO', 50),
(254, 'EL PEÑOL', 52),
(255, 'EL PLAYÓN', 68),
(256, 'EL PAUJIL', 18),
(256, 'EL TAMBO', 19),
(256, 'EL ROSARIO', 52),
(258, 'EL PEÑÓN', 25),
(258, 'EL PIÑON', 47),
(258, 'EL TABLÓN DE GÓMEZ', 52),
(260, 'EL ROSAL', 25),
(260, 'EL TAMBO', 52),
(261, 'EL ZULIA', 54),
(263, 'PORE', 85),
(263, 'EL ENCANTO', 91),
(264, 'ENTRERRIOS', 5),
(264, 'ENCINO', 68),
(265, 'GUARANDA', 70),
(266, 'ENVIGADO', 5),
(266, 'ENCISO', 68),
(268, 'EL PEÑÓN', 13),
(268, 'EL RETÉN', 47),
(268, 'ESPINAL', 73),
(269, 'FACATATIVÁ', 25),
(270, 'EL DORADO', 50),
(270, 'FALAN', 73),
(271, 'FLORIÁN', 68),
(272, 'FIRAVITOBA', 15),
(272, 'FILADELFIA', 17),
(272, 'FILANDIA', 63),
(275, 'FLANDES', 73),
(275, 'FLORIDA', 76),
(276, 'FLORESTA', 15),
(276, 'FLORIDABLANCA', 68),
(279, 'FOMEQUE', 25),
(279, 'FONSECA', 44),
(279, 'RECETOR', 85),
(281, 'FOSCA', 25),
(282, 'FREDONIA', 5),
(283, 'FRESNO', 73),
(284, 'FRONTINO', 5),
(286, 'FUNZA', 25),
(287, 'FUENTE DE ORO', 50),
(287, 'FUNES', 52),
(288, 'FÚQUENE', 25),
(288, 'FUNDACIÓN', 47),
(290, 'FLORENCIA', 19),
(290, 'FUSAGASUGÁ', 25),
(293, 'GACHANTIVÁ', 15),
(293, 'GACHALA', 25),
(295, 'GAMARRA', 20),
(295, 'GACHANCIPÁ', 25),
(296, 'GALAPA', 8),
(296, 'GAMEZA', 15),
(296, 'GALÁN', 68),
(297, 'GACHETÁ', 25),
(298, 'GARZÓN', 41),
(298, 'GAMBITA', 68),
(299, 'GARAGOA', 15),
(299, 'GAMA', 25),
(300, 'HATILLO DE LOBA', 13),
(300, 'GUACHENÉ', 19),
(300, 'COTORRA', 23),
(300, 'FORTUL', 81),
(300, 'SABANALARGA', 85),
(302, 'GÉNOVA', 63),
(306, 'GIRALDO', 5),
(306, 'GIGANTE', 41),
(306, 'GINEBRA', 76),
(307, 'GIRARDOT', 25),
(307, 'GIRÓN', 68),
(308, 'GIRARDOTA', 5),
(310, 'GÓMEZ PLATA', 5),
(310, 'GONZÁLEZ', 20),
(312, 'GRANADA', 25),
(313, 'GRANADA', 5),
(313, 'GRANADA', 50),
(313, 'GRAMALOTE', 54),
(315, 'GUADALUPE', 5),
(315, 'SÁCAMA', 85),
(317, 'GUACAMAYAS', 15),
(317, 'GUACHETÁ', 25),
(317, 'GUACHUCAL', 52),
(318, 'GUARNE', 5),
(318, 'GUAPI', 19),
(318, 'GUAMAL', 47),
(318, 'GUAMAL', 50),
(318, 'GUÁTICA', 66),
(318, 'GUACA', 68),
(318, 'GUACARÍ', 76),
(319, 'GUADALUPE', 41),
(319, 'GUAMO', 73),
(320, 'GUADUAS', 25),
(320, 'GUAITARILLA', 52),
(320, 'GUADALUPE', 68),
(320, 'ORITO', 86),
(321, 'GUATAPE', 5),
(322, 'GUATEQUE', 15),
(322, 'GUASCA', 25),
(322, 'GUAPOTÁ', 68),
(323, 'GUALMATÁN', 52),
(324, 'GUATAQUÍ', 25),
(324, 'GUAVATÁ', 68),
(325, 'GUAYATÁ', 15),
(325, 'MAPIRIPÁN', 50),
(325, 'SAN LUIS DE PALENQUE', 85),
(326, 'GUATAVITA', 25),
(327, 'GÜEPSA', 68),
(328, 'GUAYABAL DE SIQUIMA', 25),
(330, 'MESETAS', 50),
(332, 'GÜICÁN', 15),
(335, 'GUAYABETAL', 25),
(339, 'GUTIÉRREZ', 25),
(343, 'BARRANCO MINAS', 94),
(344, 'HACARÍ', 54),
(344, 'HATO', 68),
(347, 'HELICONIA', 5),
(347, 'HERRÁN', 54),
(347, 'HERVEO', 73),
(349, 'HOBO', 41),
(349, 'HONDA', 73),
(350, 'LA APARTADA', 23),
(350, 'LA MACARENA', 50),
(352, 'ILES', 52),
(352, 'ICONONZO', 73),
(353, 'HISPANIA', 5),
(354, 'IMUÉS', 52),
(355, 'INZÁ', 19),
(356, 'IPIALES', 52),
(357, 'IQUIRA', 41),
(359, 'ISNOS', 41),
(360, 'ITAGUI', 5),
(361, 'ITUANGO', 5),
(361, 'ISTMINA', 27),
(362, 'IZA', 15),
(364, 'JARDÍN', 5),
(364, 'JAMBALÓ', 19),
(364, 'JAMUNDÍ', 76),
(367, 'JENESANO', 15),
(368, 'JERICÓ', 5),
(368, 'JERICÓ', 15),
(368, 'JERUSALÉN', 25),
(368, 'JESÚS MARÍA', 68),
(370, 'URIBE', 50),
(370, 'JORDÁN', 68),
(372, 'JUAN DE ACOSTA', 8),
(372, 'JUNÍN', 25),
(372, 'JURADÓ', 27),
(376, 'LA CEJA', 5),
(377, 'LABRANZAGRANDE', 15),
(377, 'LA CALERA', 25),
(377, 'LABATECA', 54),
(377, 'LA BELLEZA', 68),
(377, 'LA CUMBRE', 76),
(378, 'LA ARGENTINA', 41),
(378, 'HATONUEVO', 44),
(378, 'LA CRUZ', 52),
(380, 'LA ESTRELLA', 5),
(380, 'LA CAPILLA', 15),
(380, 'LA DORADA', 17),
(381, 'LA FLORIDA', 52),
(383, 'LA GLORIA', 20),
(383, 'LA CELIA', 66),
(385, 'LA LLANADA', 52),
(385, 'LA ESPERANZA', 54),
(385, 'LANDÁZURI', 68),
(386, 'LA MESA', 25),
(388, 'LA MERCED', 17),
(390, 'LA PINTADA', 5),
(390, 'LA TOLA', 52),
(392, 'LA SIERRA', 19),
(394, 'LA PALMA', 25),
(396, 'LA PLATA', 41),
(397, 'LA VEGA', 19),
(397, 'LA PAZ', 68),
(398, 'LA PEÑA', 25),
(398, 'LA PLAYA', 54),
(399, 'LA UNIÓN', 52),
(400, 'LA UNIÓN', 5),
(400, 'LA JAGUA DE IBIRICO', 20),
(400, 'LEJANÍAS', 50),
(400, 'LA VIRGINIA', 66),
(400, 'LA UNIÓN', 70),
(400, 'LA UNIÓN', 76),
(400, 'TÁMARA', 85),
(401, 'LA VICTORIA', 15),
(401, 'LA TEBAIDA', 63),
(402, 'LA VEGA', 25),
(403, 'LA UVITA', 15),
(403, 'LA VICTORIA', 76),
(405, 'LEIVA', 52),
(405, 'LOS PATIOS', 54),
(405, 'LA CHORRERA', 91),
(406, 'LEBRIJA', 68),
(407, 'VILLA DE LEYVA', 15),
(407, 'LENGUAZAQUE', 25),
(407, 'LA PEDRERA', 91),
(408, 'LÉRIDA', 73),
(410, 'LA MONTAÑITA', 18),
(410, 'TAURAMENA', 85),
(411, 'LIBORINA', 5),
(411, 'LINARES', 52),
(411, 'LÍBANO', 73),
(413, 'LLORÓ', 27),
(417, 'LORICA', 23),
(418, 'LÓPEZ', 19),
(418, 'LOS ANDES', 52),
(418, 'LOURDES', 54),
(418, 'LOS SANTOS', 68),
(418, 'LOS PALMITOS', 70),
(419, 'LOS CÓRDOBAS', 23),
(420, 'LA JAGUA DEL PILAR', 44),
(421, 'LURUACO', 8),
(425, 'MACEO', 5),
(425, 'MACANAL', 15),
(425, 'MEDIO ATRATO', 27),
(425, 'MACARAVITA', 68),
(426, 'MACHETA', 25),
(427, 'MAGÜI', 52),
(429, 'MAJAGUAL', 70),
(430, 'MAGANGUÉ', 13),
(430, 'MADRID', 25),
(430, 'MEDIO BAUDÓ', 27),
(430, 'MAICAO', 44),
(430, 'TRINIDAD', 85),
(430, 'LA VICTORIA', 91),
(432, 'MÁLAGA', 68),
(433, 'MALAMBO', 8),
(433, 'MAHATES', 13),
(433, 'MANZANARES', 17),
(435, 'MALLAMA', 52),
(436, 'MANATÍ', 8),
(436, 'MANTA', 25),
(438, 'MEDINA', 25),
(440, 'MARINILLA', 5),
(440, 'MARGARITA', 13),
(440, 'MARSELLA', 66),
(440, 'VILLANUEVA', 85),
(442, 'MARÍA LA BAJA', 13),
(442, 'MARIPÍ', 15),
(442, 'MARMATO', 17),
(443, 'MANAURE', 20),
(443, 'SAN SEBASTIÁN DE MARIQUITA', 73),
(444, 'MARQUETALIA', 17),
(444, 'MATANZA', 68),
(446, 'MARULANDA', 17),
(449, 'MELGAR', 73),
(450, 'MERCADERES', 19),
(450, 'MEDIO SAN JUAN', 27),
(450, 'PUERTO CONCORDIA', 50),
(455, 'MIRAFLORES', 15),
(455, 'MIRANDA', 19),
(456, 'MISTRATÓ', 66),
(458, 'MONTECRISTO', 13),
(460, 'MILÁN', 18),
(460, 'NUEVA GRANADA', 47),
(460, 'MIRITI - PARANÁ', 91),
(461, 'MURILLO', 73),
(464, 'MONGUA', 15),
(464, 'MOMIL', 23),
(464, 'MOGOTES', 68),
(466, 'MONGUÍ', 15),
(466, 'MONTELÍBANO', 23),
(467, 'MONTEBELLO', 5),
(468, 'MOMPÓS', 13),
(468, 'MOLAGAVITA', 68),
(469, 'MONIQUIRÁ', 15),
(470, 'MONTENEGRO', 63),
(473, 'MORALES', 13),
(473, 'MORALES', 19),
(473, 'MOSQUERA', 25),
(473, 'MOSQUERA', 52),
(473, 'MORROA', 70),
(475, 'MURINDÓ', 5),
(476, 'MOTAVITA', 15),
(479, 'MORELIA', 18),
(480, 'MUTATÁ', 5),
(480, 'MUZO', 15),
(480, 'NARIÑO', 52),
(480, 'MUTISCUA', 54),
(483, 'NARIÑO', 5),
(483, 'NARIÑO', 25),
(483, 'NÁTAGA', 41),
(483, 'NATAGAIMA', 73),
(486, 'NEIRA', 17),
(486, 'NEMOCÓN', 25),
(488, 'NILO', 25),
(489, 'NIMAIMA', 25),
(490, 'NECOCLÍ', 5),
(490, 'NOROSÍ', 13),
(490, 'OLAYA HERRERA', 52),
(491, 'NOBSA', 15),
(491, 'NOCAIMA', 25),
(491, 'NÓVITA', 27),
(494, 'NUEVO COLÓN', 15),
(495, 'NECHÍ', 5),
(495, 'NORCASIA', 17),
(495, 'NUQUÍ', 27),
(497, 'OBANDO', 76),
(498, 'OCAÑA', 54),
(498, 'OCAMONTE', 68),
(500, 'OICATÁ', 15),
(500, 'MOÑITOS', 23),
(500, 'OIBA', 68),
(501, 'OLAYA', 5),
(502, 'ONZAGA', 68),
(503, 'OPORAPA', 41),
(504, 'ORTEGA', 73),
(506, 'VENECIA', 25),
(506, 'OSPINA', 52),
(507, 'OTANCHE', 15),
(508, 'OVEJAS', 70),
(511, 'PACHAVITA', 15),
(511, 'PACOA', 97),
(513, 'PÁCORA', 17),
(513, 'PADILLA', 19),
(513, 'PACHO', 25),
(514, 'PÁEZ', 15),
(516, 'PAIPA', 15),
(517, 'PAEZ', 19),
(517, 'PAILITAS', 20),
(518, 'PAJARITO', 15),
(518, 'PAIME', 25),
(518, 'PAICOL', 41),
(518, 'PAMPLONA', 54),
(520, 'PALMAR DE VARELA', 8),
(520, 'FRANCISCO PIZARRO', 52),
(520, 'PAMPLONITA', 54),
(520, 'PALOCABILDO', 73),
(520, 'PALMIRA', 76),
(522, 'PANQUEBA', 15),
(522, 'PALMAR', 68),
(523, 'PALMITO', 70),
(524, 'PALESTINA', 17),
(524, 'PANDI', 25),
(524, 'PALERMO', 41),
(524, 'PALMAS DEL SOCORRO', 68),
(524, 'LA PRIMAVERA', 99),
(530, 'PARATEBUENO', 25),
(530, 'PALESTINA', 41),
(530, 'PUERTO ALEGRÍA', 91),
(531, 'PAUNA', 15),
(532, 'PATÍA', 19),
(533, 'PAYA', 15),
(533, 'PIAMONTE', 19),
(533, 'PÁRAMO', 68),
(535, 'PASCA', 25),
(536, 'PUERTO ARICA', 91),
(537, 'PAZ DE RÍO', 15),
(540, 'POLICARPA', 52),
(540, 'PUERTO NARIÑO', 91),
(541, 'PEÑOL', 5),
(541, 'PENSILVANIA', 17),
(541, 'PEDRAZA', 47),
(542, 'PESCA', 15),
(543, 'PEQUE', 5),
(545, 'PIJIÑO DEL CARMEN', 47),
(547, 'PIEDECUESTA', 68),
(547, 'PIEDRAS', 73),
(548, 'PIENDAMÓ', 19),
(548, 'PITAL', 41),
(548, 'PIJAO', 63),
(549, 'PIOJÓ', 8),
(549, 'PINILLOS', 13),
(549, 'PINCHOTE', 68),
(550, 'PISBA', 15),
(550, 'PELAYA', 20),
(551, 'PITALITO', 41),
(551, 'PIVIJAY', 47),
(553, 'PUERTO SANTANDER', 54),
(555, 'PLANETA RICA', 23),
(555, 'PLATO', 47),
(555, 'PLANADAS', 73),
(558, 'POLONUEVO', 8),
(560, 'PONEDERA', 8),
(560, 'MANAURE', 44),
(560, 'POTOSÍ', 52),
(563, 'PRADO', 73),
(563, 'PRADERA', 76),
(564, 'PROVIDENCIA', 88),
(565, 'PROVIDENCIA', 52),
(568, 'PUERTO GAITÁN', 50),
(568, 'PUERTO ASÍS', 86),
(569, 'PUERTO CAICEDO', 86),
(570, 'PUEBLO BELLO', 20),
(570, 'PUEBLO NUEVO', 23),
(570, 'PUEBLOVIEJO', 47),
(571, 'PUERTO GUZMÁN', 86),
(572, 'PUERTO BOYACÁ', 15),
(572, 'PUERTO SALGAR', 25),
(572, 'PUEBLO RICO', 66),
(572, 'PUENTE NACIONAL', 68),
(573, 'PUERTO COLOMBIA', 8),
(573, 'PUERTO TEJADA', 19),
(573, 'PUERTO LÓPEZ', 50),
(573, 'PUERRES', 52),
(573, 'PUERTO PARRA', 68),
(573, 'PUERTO LEGUÍZAMO', 86),
(574, 'PUERTO ESCONDIDO', 23),
(575, 'PUERTO WILCHES', 68),
(576, 'PUEBLORRICO', 5),
(577, 'PUERTO LLERAS', 50),
(579, 'PUERTO BERRÍO', 5),
(580, 'REGIDOR', 13),
(580, 'QUÍPAMA', 15),
(580, 'PUERTO LIBERTADOR', 23),
(580, 'PULÍ', 25),
(580, 'RÍO IRÓ', 27),
(585, 'PUERTO NARE', 5),
(585, 'PURACÉ', 19),
(585, 'PUPIALES', 52),
(585, 'PURIFICACIÓN', 73),
(586, 'PURÍSIMA', 23),
(590, 'PUERTO RICO', 50),
(591, 'PUERTO TRIUNFO', 5),
(591, 'PUERTO RONDÓN', 81),
(592, 'PUERTO RICO', 18),
(592, 'QUEBRADANEGRA', 25),
(594, 'QUETAME', 25),
(594, 'QUIMBAYA', 63),
(594, 'QUINCHÍA', 66),
(596, 'QUIPILE', 25),
(599, 'RAMIRIQUÍ', 15),
(599, 'APULO', 25),
(599, 'RAGONVALIA', 54),
(600, 'RÍO VIEJO', 13),
(600, 'RÁQUIRA', 15),
(600, 'RÍO QUITO', 27),
(604, 'REMEDIOS', 5),
(605, 'REMOLINO', 47),
(606, 'REPELÓN', 8),
(606, 'RESTREPO', 50),
(606, 'RESTREPO', 76),
(607, 'RETIRO', 5),
(610, 'SAN JOSÉ DEL FRAGUA', 18),
(612, 'RICAURTE', 25),
(612, 'RICAURTE', 52),
(614, 'RIOSUCIO', 17),
(614, 'RÍO DE ORO', 20),
(615, 'RIONEGRO', 5),
(615, 'RIOSUCIO', 27),
(615, 'RIVERA', 41),
(615, 'RIONEGRO', 68),
(616, 'RISARALDA', 17),
(616, 'RIOBLANCO', 73),
(616, 'RIOFRÍO', 76),
(620, 'SAN CRISTÓBAL', 13),
(621, 'RONDÓN', 15),
(621, 'LA PAZ', 20),
(621, 'ROBERTO PAYÁN', 52),
(622, 'ROSAS', 19),
(622, 'RONCESVALLES', 73),
(622, 'ROLDANILLO', 76),
(624, 'ROVIRA', 73),
(624, 'SANTA ROSALÍA', 99),
(628, 'SABANALARGA', 5),
(631, 'SABANETA', 5),
(632, 'SABOYÁ', 15),
(634, 'SABANAGRANDE', 8),
(638, 'SABANALARGA', 8),
(638, 'SÁCHICA', 15),
(642, 'SALGAR', 5),
(645, 'SAN ANTONIO DEL TEQUENDAMA', 25),
(646, 'SAMACÁ', 15),
(647, 'SAN ANDRÉS DE CUERQUÍA', 5),
(647, 'SAN ESTANISLAO', 13),
(649, 'SAN CARLOS', 5),
(649, 'SAN BERNARDO', 25),
(650, 'SAN FERNANDO', 13),
(650, 'SAN JUAN DEL CESAR', 44),
(652, 'SAN FRANCISCO', 5),
(653, 'SALAMINA', 17),
(653, 'SAN CAYETANO', 25),
(654, 'SAN JACINTO', 13),
(655, 'SAN JACINTO DEL CAUCA', 13),
(655, 'SABANA DE TORRES', 68),
(656, 'SAN JERÓNIMO', 5),
(657, 'SAN JUAN NEPOMUCENO', 13),
(658, 'SAN JOSÉ DE LA MONTAÑA', 5),
(658, 'SAN FRANCISCO', 25),
(659, 'SAN JUAN DE URABÁ', 5),
(660, 'SAN LUIS', 5),
(660, 'SAN EDUARDO', 15),
(660, 'SAHAGÚN', 23),
(660, 'SAN JOSÉ DEL PALMAR', 27),
(660, 'SALADOBLANCO', 41),
(660, 'SABANAS DE SAN ANGEL', 47),
(660, 'SALAZAR', 54),
(662, 'SAMANÁ', 17),
(662, 'SAN JUAN DE RÍO SECO', 25),
(663, 'MAPIRIPANA', 94),
(664, 'SAN PEDRO DE LOS MILAGROS', 5),
(664, 'SAN JOSÉ DE PARE', 15),
(665, 'SAN PEDRO DE URABA', 5),
(665, 'SAN JOSÉ', 17),
(666, 'TARAIRA', 97),
(667, 'SAN RAFAEL', 5),
(667, 'SAN MARTÍN DE LOBA', 13),
(667, 'SAN LUIS DE GACENO', 15),
(668, 'SAN AGUSTÍN', 41),
(669, 'SAN ANDRÉS', 68),
(669, 'PUERTO SANTANDER', 91),
(670, 'SAN ROQUE', 5),
(670, 'SAN PABLO', 13),
(670, 'SAN ANDRÉS SOTAVENTO', 23),
(670, 'SAN CALIXTO', 54),
(670, 'SAMPUÉS', 70),
(670, 'SAN PEDRO', 76),
(671, 'SALDAÑA', 73),
(672, 'SAN ANTERO', 23),
(673, 'SANTA CATALINA', 13),
(673, 'SAN MATEO', 15),
(673, 'SAN CAYETANO', 54),
(673, 'SAN BENITO', 68),
(674, 'SAN VICENTE', 5),
(675, 'SANTA LUCÍA', 8),
(675, 'SAN BERNARDO DEL VIENTO', 23),
(675, 'SALAMINA', 47),
(675, 'SAN ANTONIO', 73),
(676, 'SAN MIGUEL DE SEMA', 15),
(676, 'SANTA MARÍA', 41),
(678, 'SAN CARLOS', 23),
(678, 'SAMANIEGO', 52),
(678, 'SAN BENITO ABAD', 70),
(678, 'SAN LUIS', 73),
(679, 'SANTA BÁRBARA', 5),
(679, 'SAN GIL', 68),
(680, 'SAN CARLOS DE GUAROA', 50),
(680, 'SANTIAGO', 54),
(681, 'SAN PABLO DE BORBUR', 15),
(682, 'SAN JOSÉ DE URÉ', 23),
(682, 'SANTA ROSA DE CABAL', 66),
(682, 'SAN JOAQUÍN', 68),
(683, 'SANTA ROSA', 13),
(683, 'SAN JUAN DE ARAMA', 50),
(683, 'SANDONÁ', 52),
(684, 'SAN JOSÉ DE MIRANDA', 68),
(685, 'SANTO TOMÁS', 8),
(685, 'SAN BERNARDO', 52),
(686, 'SANTA ROSA DE OSOS', 5),
(686, 'SANTANA', 15),
(686, 'SAN PELAYO', 23),
(686, 'SAN JUANITO', 50),
(686, 'SAN MIGUEL', 68),
(686, 'SANTA ISABEL', 73),
(687, 'SAN LORENZO', 52),
(687, 'SANTUARIO', 66),
(688, 'SANTA ROSA DEL SUR', 13),
(689, 'SAN MARTÍN', 50),
(689, 'SAN VICENTE DE CHUCURÍ', 68),
(690, 'SANTO DOMINGO', 5),
(690, 'SANTA MARÍA', 15),
(690, 'SALENTO', 63),
(692, 'SAN SEBASTIÁN DE BUENAVISTA', 47),
(693, 'SANTA ROSA DE VITERBO', 15),
(693, 'SAN SEBASTIÁN', 19),
(693, 'SAN PABLO', 52),
(694, 'SAN PEDRO DE CARTAGO', 52),
(696, 'SANTA SOFÍA', 15),
(696, 'SANTA BÁRBARA', 52),
(697, 'EL SANTUARIO', 5),
(698, 'SANTANDER DE QUILICHAO', 19),
(699, 'SANTACRUZ', 52),
(701, 'SANTA ROSA', 19),
(702, 'SAN JUAN DE BETULIA', 70),
(703, 'SAN ZENÓN', 47),
(705, 'SANTA BÁRBARA', 68),
(707, 'SANTA ANA', 47),
(708, 'SAN MARCOS', 70),
(710, 'SAN ALBERTO', 20),
(711, 'VISTAHERMOSA', 50),
(713, 'SAN ONOFRE', 70),
(717, 'SAN PEDRO', 70),
(718, 'SASAIMA', 25),
(720, 'SATIVANORTE', 15),
(720, 'SANTA BÁRBARA DE PINTO', 47),
(720, 'SAPUYES', 52),
(720, 'SARDINATA', 54),
(720, 'SANTA HELENA DEL OPÓN', 68),
(723, 'SATIVASUR', 15),
(736, 'SEGOVIA', 5),
(736, 'SESQUILÉ', 25),
(736, 'SEVILLA', 76),
(736, 'SARAVENA', 81),
(740, 'SIACHOQUE', 15),
(740, 'SIBATÉ', 25),
(742, 'SAN LUIS DE SINCÉ', 70),
(743, 'SILVIA', 19),
(743, 'SILVANIA', 25),
(743, 'SILOS', 54),
(744, 'SIMITÍ', 13),
(745, 'SIMIJACA', 25),
(745, 'SIPÍ', 27),
(745, 'SITIONUEVO', 47),
(745, 'SIMACOTA', 68),
(749, 'SIBUNDOY', 86),
(750, 'SAN DIEGO', 20),
(753, 'SOATÁ', 15),
(753, 'SAN VICENTE DEL CAGUÁN', 18),
(754, 'SOACHA', 25),
(755, 'SOCOTÁ', 15),
(755, 'SOCORRO', 68),
(755, 'SAN FRANCISCO', 86),
(756, 'SONSON', 5),
(756, 'SOLANO', 18),
(757, 'SOCHA', 15),
(757, 'SAN MIGUEL', 86),
(758, 'SOLEDAD', 8),
(758, 'SOPÓ', 25),
(759, 'SOGAMOSO', 15),
(760, 'SOPLAVIENTO', 13),
(760, 'SOTARA', 19),
(760, 'SANTIAGO', 86),
(761, 'SOPETRÁN', 5),
(761, 'SOMONDOCO', 15),
(762, 'SORA', 15),
(763, 'SOTAQUIRÁ', 15),
(764, 'SORACÁ', 15),
(769, 'SUBACHOQUE', 25),
(770, 'SUAN', 8),
(770, 'SAN MARTÍN', 20),
(770, 'SUAZA', 41),
(770, 'SUAITA', 68),
(770, 'SUÁREZ', 73),
(771, 'SUCRE', 70),
(772, 'SUESCA', 25),
(773, 'SUCRE', 68),
(773, 'CUMARIBO', 99),
(774, 'SUSACÓN', 15),
(776, 'SUTAMARCHÁN', 15),
(777, 'SUPÍA', 17),
(777, 'SUPATÁ', 25),
(777, 'PAPUNAUA', 97),
(778, 'SUTATENZA', 15),
(779, 'SUSA', 25),
(780, 'TALAIGUA NUEVO', 13),
(780, 'SUÁREZ', 19),
(780, 'SURATÁ', 68),
(781, 'SUTATAUSA', 25),
(785, 'SOLITA', 18),
(785, 'SUCRE', 19),
(785, 'TABIO', 25),
(786, 'TAMINANGO', 52),
(787, 'TAMALAMEQUE', 20),
(787, 'TADÓ', 27),
(788, 'TANGUA', 52),
(789, 'TÁMESIS', 5),
(790, 'TARAZÁ', 5),
(790, 'TASCO', 15),
(791, 'TARQUI', 41),
(792, 'TARSO', 5),
(793, 'TAUSA', 25),
(794, 'TAME', 81),
(797, 'TENA', 25),
(797, 'TESALIA', 41),
(798, 'TENZA', 15);

-- --------------------------------------------------------

--
-- Estructura de tabla para la tabla `Departamento`
--

CREATE TABLE IF NOT EXISTS `Departamento` (
`id_departamento` int(11) NOT NULL,
  `nombre_departamento` varchar(28) NOT NULL,
  `id_pais` varchar(3) NOT NULL
) ENGINE=InnoDB AUTO_INCREMENT=100 DEFAULT CHARSET=utf8;

--
-- Volcado de datos para la tabla `Departamento`
--

INSERT INTO `Departamento` (`id_departamento`, `nombre_departamento`, `id_pais`) VALUES
(5, 'ANTIOQUIA', 'COL'),
(8, 'ATLANTICO', 'COL'),
(11, 'BOGOTA', 'COL'),
(13, 'BOLIVAR', 'COL'),
(15, 'BOYACA', 'COL'),
(17, 'CALDAS', 'COL'),
(18, 'CAQUETA', 'COL'),
(19, 'CAUCA', 'COL'),
(20, 'CESAR', 'COL'),
(23, 'CORDOBA', 'COL'),
(25, 'CUNDINAMARCA', 'COL'),
(27, 'CHOCO', 'COL'),
(41, 'HUILA', 'COL'),
(44, 'LA GUAJIRA', 'COL'),
(47, 'MAGDALENA', 'COL'),
(50, 'META', 'COL'),
(52, 'NARIÑO', 'COL'),
(54, 'N. DE SANTANDER', 'COL'),
(63, 'QUINDIO', 'COL'),
(66, 'RISARALDA', 'COL'),
(68, 'SANTANDER', 'COL'),
(70, 'SUCRE', 'COL'),
(73, 'TOLIMA', 'COL'),
(76, 'VALLE DEL CAUCA', 'COL'),
(81, 'ARAUCA', 'COL'),
(85, 'CASANARE', 'COL'),
(86, 'PUTUMAYO', 'COL'),
(88, 'SAN ANDRES', 'COL'),
(91, 'AMAZONAS', 'COL'),
(94, 'GUAINIA', 'COL'),
(95, 'GUAVIARE', 'COL'),
(97, 'VAUPES', 'COL'),
(99, 'VICHADA', 'COL');

-- --------------------------------------------------------

--
-- Estructura de tabla para la tabla `Pais`
--

CREATE TABLE IF NOT EXISTS `Pais` (
  `id_pais` varchar(3) NOT NULL,
  `nombre_pais` varchar(28) NOT NULL
) ENGINE=InnoDB DEFAULT CHARSET=utf8;

--
-- Volcado de datos para la tabla `Pais`
--

INSERT INTO `Pais` (`id_pais`, `nombre_pais`) VALUES
('ABW', 'ARUBA'),
('AFG', 'AFGHANISTAN'),
('AGO', 'ANGOLA'),
('AIA', 'ANGUILLA'),
('ALB', 'ALBANIA'),
('AND', 'ANDORRA'),
('ANT', 'NETHERLANDS ANTILLES'),
('ARE', 'UNITED ARAB EMIRATES'),
('ARG', 'ARGENTINA'),
('ARM', 'ARMENIA'),
('ASM', 'AMERICAN SAMOA'),
('ATA', 'ANTARCTICA'),
('ATF', 'FRENCH SOUTHERN TERRITORIES'),
('ATG', 'ANTIGUA AND BARBUDA'),
('AUS', 'AUSTRALIA'),
('AUT', 'AUSTRIA'),
('AZE', 'AZERBAIJAN'),
('BDI', 'BURUNDI'),
('BEL', 'BELGIUM'),
('BEN', 'BENIN'),
('BFA', 'BURKINA FASO'),
('BGD', 'BANGLADESH'),
('BGR', 'BULGARIA'),
('BHR', 'BAHRAIN'),
('BHS', 'BAHAMAS'),
('BIH', 'BOSNIA AND HERZEGOVINA'),
('BLR', 'BELARUS'),
('BLZ', 'BELIZE'),
('BMU', 'BERMUDA'),
('BOL', 'BOLIVIA'),
('BRA', 'BRAZIL'),
('BRB', 'BARBADOS'),
('BRN', 'BRUNEI'),
('BTN', 'BHUTAN'),
('BVT', 'BOUVET ISLAND'),
('BWA', 'BOTSWANA'),
('CAF', 'CENTRAL AFRICAN REPUBLIC'),
('CAN', 'CANADA'),
('CCK', 'COCOS (KEELING) ISLANDS'),
('CHE', 'SWITZERLAND'),
('CHL', 'CHILE'),
('CHN', 'CHINA'),
('CIV', 'CÔTE DIVOIRE'),
('CMR', 'CAMEROON'),
('COD', 'CONGO'),
('COG', 'CONGO'),
('COK', 'COOK ISLANDS'),
('COL', 'COLOMBIA'),
('COM', 'COMOROS'),
('CPV', 'CAPE VERDE'),
('CRI', 'COSTA RICA'),
('CUB', 'CUBA'),
('CXR', 'CHRISTMAS ISLAND'),
('CYM', 'CAYMAN ISLANDS'),
('CYP', 'CYPRUS'),
('CZE', 'CZECH REPUBLIC'),
('DEU', 'GERMANY'),
('DJI', 'DJIBOUTI'),
('DMA', 'DOMINICA'),
('DNK', 'DENMARK'),
('DOM', 'DOMINICAN REPUBLIC'),
('DZA', 'ALGERIA'),
('ECU', 'ECUADOR'),
('EGY', 'EGYPT'),
('ERI', 'ERITREA'),
('ESH', 'WESTERN SAHARA'),
('ESP', 'SPAIN'),
('EST', 'ESTONIA'),
('ETH', 'ETHIOPIA'),
('FIN', 'FINLAND'),
('FJI', 'FIJI ISLANDS'),
('FLK', 'FALKLAND ISLANDS'),
('FRA', 'FRANCE'),
('FRO', 'FAROE ISLANDS'),
('FSM', 'MICRONESIA'),
('GAB', 'GABON'),
('GBR', 'UNITED KINGDOM'),
('GEO', 'GEORGIA'),
('GHA', 'GHANA'),
('GIB', 'GIBRALTAR'),
('GIN', 'GUINEA'),
('GLP', 'GUADELOUPE'),
('GMB', 'GAMBIA'),
('GNB', 'GUINEA-BISSAU'),
('GNQ', 'EQUATORIAL GUINEA'),
('GRC', 'GREECE'),
('GRD', 'GRENADA'),
('GRL', 'GREENLAND'),
('GTM', 'GUATEMALA'),
('GUF', 'FRENCH GUIANA'),
('GUM', 'GUAM'),
('GUY', 'GUYANA'),
('HKG', 'HONG KONG'),
('HMD', 'HEARD ISLAND AND MCDONALD IS'),
('HND', 'HONDURAS'),
('HRV', 'CROATIA'),
('HTI', 'HAITI'),
('HUN', 'HUNGARY'),
('IDN', 'INDONESIA'),
('IND', 'INDIA'),
('IOT', 'BRITISH INDIAN OCEAN TERRITO'),
('IRL', 'IRELAND'),
('IRN', 'IRAN'),
('IRQ', 'IRAQ'),
('ISL', 'ICELAND'),
('ISR', 'ISRAEL'),
('ITA', 'ITALY'),
('JAM', 'JAMAICA'),
('JOR', 'JORDAN'),
('JPN', 'JAPAN'),
('KAZ', 'KAZAKSTAN'),
('KEN', 'KENYA'),
('KGZ', 'KYRGYZSTAN'),
('KHM', 'CAMBODIA'),
('KIR', 'KIRIBATI'),
('KNA', 'SAINT KITTS AND NEVIS'),
('KOR', 'SOUTH KOREA'),
('KWT', 'KUWAIT'),
('LAO', 'LAOS'),
('LBN', 'LEBANON'),
('LBR', 'LIBERIA'),
('LBY', 'LIBYAN ARAB JAMAHIRIYA'),
('LCA', 'SAINT LUCIA'),
('LIE', 'LIECHTENSTEIN'),
('LKA', 'SRI LANKA'),
('LSO', 'LESOTHO'),
('LTU', 'LITHUANIA'),
('LUX', 'LUXEMBOURG'),
('LVA', 'LATVIA'),
('MAC', 'MACAO'),
('MAR', 'MOROCCO'),
('MCO', 'MONACO'),
('MDA', 'MOLDOVA'),
('MDG', 'MADAGASCAR'),
('MDV', 'MALDIVES'),
('MEX', 'MEXICO'),
('MHL', 'MARSHALL ISLANDS'),
('MKD', 'MACEDONIA'),
('MLI', 'MALI'),
('MLT', 'MALTA'),
('MMR', 'MYANMAR'),
('MNG', 'MONGOLIA'),
('MNP', 'NORTHERN MARIANA ISLANDS'),
('MOZ', 'MOZAMBIQUE'),
('MRT', 'MAURITANIA'),
('MSR', 'MONTSERRAT'),
('MTQ', 'MARTINIQUE'),
('MUS', 'MAURITIUS'),
('MWI', 'MALAWI'),
('MYS', 'MALAYSIA'),
('MYT', 'MAYOTTE'),
('NAM', 'NAMIBIA'),
('NCL', 'NEW CALEDONIA'),
('NER', 'NIGER'),
('NFK', 'NORFOLK ISLAND'),
('NGA', 'NIGERIA'),
('NIC', 'NICARAGUA'),
('NIU', 'NIUE'),
('NLD', 'NETHERLANDS'),
('NOR', 'NORWAY'),
('NPL', 'NEPAL'),
('NRU', 'NAURU'),
('NZL', 'NEW ZEALAND'),
('OMN', 'OMAN'),
('PAK', 'PAKISTAN'),
('PAN', 'PANAMA'),
('PCN', 'PITCAIRN'),
('PER', 'PERU'),
('PHL', 'PHILIPPINES'),
('PLW', 'PALAU'),
('PNG', 'PAPUA NEW GUINEA'),
('POL', 'POLAND'),
('PRI', 'PUERTO RICO'),
('PRK', 'NORTH KOREA'),
('PRT', 'PORTUGAL'),
('PRY', 'PARAGUAY'),
('PSE', 'PALESTINE'),
('PYF', 'FRENCH POLYNESIA'),
('QAT', 'QATAR'),
('REU', 'RÉUNION'),
('ROM', 'ROMANIA'),
('RUS', 'RUSSIAN FEDERATION'),
('RWA', 'RWANDA'),
('SAU', 'SAUDI ARABIA'),
('SDN', 'SUDAN'),
('SEN', 'SENEGAL'),
('SGP', 'SINGAPORE'),
('SGS', 'SOUTH GEORGIA AND THE SOUTH '),
('SHN', 'SAINT HELENA'),
('SJM', 'SVALBARD AND JAN MAYEN'),
('SLB', 'SOLOMON ISLANDS'),
('SLE', 'SIERRA LEONE'),
('SLV', 'EL SALVADOR'),
('SMR', 'SAN MARINO'),
('SOM', 'SOMALIA'),
('SPM', 'SAINT PIERRE AND MIQUELON'),
('STP', 'SAO TOME AND PRINCIPE'),
('SUR', 'SURINAME'),
('SVK', 'SLOVAKIA'),
('SVN', 'SLOVENIA'),
('SWE', 'SWEDEN'),
('SWZ', 'SWAZILAND'),
('SYC', 'SEYCHELLES'),
('SYR', 'SYRIA'),
('TCA', 'TURKS AND CAICOS ISLANDS'),
('TCD', 'CHAD'),
('TGO', 'TOGO'),
('THA', 'THAILAND'),
('TJK', 'TAJIKISTAN'),
('TKL', 'TOKELAU'),
('TKM', 'TURKMENISTAN'),
('TMP', 'EAST TIMOR'),
('TON', 'TONGA'),
('TTO', 'TRINIDAD AND TOBAGO'),
('TUN', 'TUNISIA'),
('TUR', 'TURKEY'),
('TUV', 'TUVALU'),
('TWN', 'TAIWAN'),
('TZA', 'TANZANIA'),
('UGA', 'UGANDA'),
('UKR', 'UKRAINE'),
('UMI', 'UNITED STATES MINOR OUTLYING'),
('URY', 'URUGUAY'),
('USA', 'UNITED STATES'),
('UZB', 'UZBEKISTAN'),
('VAT', 'HOLY SEE (VATICAN CITY STATE'),
('VCT', 'SAINT VINCENT AND THE GRENAD'),
('VEN', 'VENEZUELA'),
('VGB', 'VIRGIN ISLANDS'),
('VIR', 'VIRGIN ISLANDS'),
('VNM', 'VIETNAM'),
('VUT', 'VANUATU'),
('WLF', 'WALLIS AND FUTUNA'),
('WSM', 'SAMOA'),
('YEM', 'YEMEN'),
('YUG', 'YUGOSLAVIA'),
('ZAF', 'SOUTH AFRICA'),
('ZMB', 'ZAMBIA'),
('ZWE', 'ZIMBABWE');

-- --------------------------------------------------------

--
-- Estructura de tabla para la tabla `Roles`
--

CREATE TABLE IF NOT EXISTS `Roles` (
`id_rol` int(11) NOT NULL,
  `nombre_rol` varchar(13) NOT NULL
) ENGINE=InnoDB AUTO_INCREMENT=5 DEFAULT CHARSET=utf8;

--
-- Volcado de datos para la tabla `Roles`
--

INSERT INTO `Roles` (`id_rol`, `nombre_rol`) VALUES
(1, 'admin'),
(2, 'profesor'),
(3, 'padre'),
(4, 'estudiante');

-- --------------------------------------------------------

--
-- Estructura de tabla para la tabla `Usuarios`
--

CREATE TABLE IF NOT EXISTS `Usuarios` (
  `id_documento` varchar(15) NOT NULL,
  `primer_nombre` varchar(10) NOT NULL,
  `segundo_nombre` varchar(10) DEFAULT '',
  `primer apellido` varchar(10) NOT NULL,
  `segundo_apellido` varchar(10) NOT NULL,
  `contraseña` varchar(15) NOT NULL,
  `direccion` varchar(15) NOT NULL,
  `telefono` varchar(12) NOT NULL,
  `celular` varchar(10) NOT NULL,
  `correo` varchar(15) NOT NULL,
  `tipo_documento` varchar(18) NOT NULL,
  `titulo_profesional` varchar(45) DEFAULT NULL,
  `id_ciudad` int(11) NOT NULL
) ENGINE=InnoDB DEFAULT CHARSET=utf8;

-- --------------------------------------------------------

--
-- Estructura de tabla para la tabla `Usuarios_has_Roles`
--

CREATE TABLE IF NOT EXISTS `Usuarios_has_Roles` (
  `id_usuarios` varchar(15) NOT NULL,
  `id_rol` int(11) NOT NULL
) ENGINE=InnoDB DEFAULT CHARSET=utf8;

--
-- Índices para tablas volcadas
--

--
-- Indices de la tabla `Ciudad`
--
ALTER TABLE `Ciudad`
 ADD PRIMARY KEY (`id_ciudad`,`id_departamento`), ADD KEY `fk_Ciudad_Departamento1_idx` (`id_departamento`);

--
-- Indices de la tabla `Departamento`
--
ALTER TABLE `Departamento`
 ADD PRIMARY KEY (`id_departamento`), ADD UNIQUE KEY `idDepartamento_UNIQUE` (`id_departamento`), ADD KEY `fk_Departamento_Pais1_idx` (`id_pais`);

--
-- Indices de la tabla `Pais`
--
ALTER TABLE `Pais`
 ADD PRIMARY KEY (`id_pais`), ADD UNIQUE KEY `id_UNIQUE` (`id_pais`);

--
-- Indices de la tabla `Roles`
--
ALTER TABLE `Roles`
 ADD PRIMARY KEY (`id_rol`), ADD UNIQUE KEY `idRoles_UNIQUE` (`id_rol`);

--
-- Indices de la tabla `Usuarios`
--
ALTER TABLE `Usuarios`
 ADD PRIMARY KEY (`id_documento`), ADD UNIQUE KEY `idUsuarios_UNIQUE` (`id_documento`), ADD KEY `fk_Usuarios_Ciudad1_idx` (`id_ciudad`);

--
-- Indices de la tabla `Usuarios_has_Roles`
--
ALTER TABLE `Usuarios_has_Roles`
 ADD PRIMARY KEY (`id_usuarios`,`id_rol`), ADD KEY `fk_Usuarios_has_Roles_Roles1_idx` (`id_rol`), ADD KEY `fk_Usuarios_has_Roles_Usuarios1_idx` (`id_usuarios`);

--
-- AUTO_INCREMENT de las tablas volcadas
--

--
-- AUTO_INCREMENT de la tabla `Departamento`
--
ALTER TABLE `Departamento`
MODIFY `id_departamento` int(11) NOT NULL AUTO_INCREMENT,AUTO_INCREMENT=100;
--
-- AUTO_INCREMENT de la tabla `Roles`
--
ALTER TABLE `Roles`
MODIFY `id_rol` int(11) NOT NULL AUTO_INCREMENT,AUTO_INCREMENT=5;
--
-- Restricciones para tablas volcadas
--

--
-- Filtros para la tabla `Ciudad`
--
ALTER TABLE `Ciudad`
ADD CONSTRAINT `fk_Ciudad_Departamento1` FOREIGN KEY (`id_departamento`) REFERENCES `Departamento` (`id_departamento`) ON DELETE NO ACTION ON UPDATE NO ACTION;

--
-- Filtros para la tabla `Departamento`
--
ALTER TABLE `Departamento`
ADD CONSTRAINT `fk_Departamento_Pais1` FOREIGN KEY (`id_pais`) REFERENCES `Pais` (`id_pais`) ON DELETE NO ACTION ON UPDATE NO ACTION;

--
-- Filtros para la tabla `Usuarios`
--
ALTER TABLE `Usuarios`
ADD CONSTRAINT `fk_Usuarios_Ciudad1` FOREIGN KEY (`id_ciudad`) REFERENCES `Ciudad` (`id_ciudad`) ON DELETE NO ACTION ON UPDATE NO ACTION;

--
-- Filtros para la tabla `Usuarios_has_Roles`
--
ALTER TABLE `Usuarios_has_Roles`
ADD CONSTRAINT `fk_Usuarios_has_Roles_Usuarios1` FOREIGN KEY (`id_usuarios`) REFERENCES `Usuarios` (`id_documento`) ON DELETE NO ACTION ON UPDATE NO ACTION,
ADD CONSTRAINT `fk_Usuarios_has_Roles_Roles1` FOREIGN KEY (`id_rol`) REFERENCES `Roles` (`id_rol`) ON DELETE NO ACTION ON UPDATE NO ACTION;

/*!40101 SET CHARACTER_SET_CLIENT=@OLD_CHARACTER_SET_CLIENT */;
/*!40101 SET CHARACTER_SET_RESULTS=@OLD_CHARACTER_SET_RESULTS */;
/*!40101 SET COLLATION_CONNECTION=@OLD_COLLATION_CONNECTION */;
